{"label": "Pruned: No Repair", "params": 23668637, "mAP50": 0.0007614016237247277, "mAP50-95": 0.0002458958810131458, "precision": 0.009417909970259897, "recall": 0.008468429499782892, "f1_score": 0.008917470007433983, "avg_conf": 0.3059896945953369, "confs_list": [0.2546369135379791, 0.29265591502189636, 0.3469484746456146, 0.29861319065093994, 0.3370939791202545], "avg_anchors": 0.002077274615704196}