{"label": "Pruned: No Repair", "params": 22494143, "mAP50": 0.002584323330178593, "mAP50-95": 0.0014589235064451673, "precision": 0.048270492407489304, "recall": 0.0033729340285774513, "f1_score": 0.006305160020276915, "avg_conf": 0, "confs_list": [0], "avg_anchors": 0.0}