{"label": "Pruned: No Repair", "params": 21686592, "mAP50": 5.9523809523809525e-06, "mAP50-95": 1.6712454212454213e-06, "precision": 0.0010869565217391304, "recall": 7.462686567164179e-05, "f1_score": 0.00013954467131927208, "avg_conf": 0, "confs_list": [0], "avg_anchors": 0.0}